{
  "task": "player_intent",
  "best_params": {
    "clf__C": 0.5,
    "tfidf__min_df": 2
  },
  "cv_best_score": 0.0893939393939394,
  "test_accuracy": 0.14285714285714285,
  "classification_report": {
    "attack": {
      "precision": 0.0,
      "recall": 0.0,
      "f1-score": 0.0,
      "support": 2.0
    },
    "explore": {
      "precision": 0.0,
      "recall": 0.0,
      "f1-score": 0.0,
      "support": 2.0
    },
    "flee": {
      "precision": 0.14285714285714285,
      "recall": 1.0,
      "f1-score": 0.25,
      "support": 2.0
    },
    "inspect": {
      "precision": 0.0,
      "recall": 0.0,
      "f1-score": 0.0,
      "support": 2.0
    },
    "support": {
      "precision": 0.0,
      "recall": 0.0,
      "f1-score": 0.0,
      "support": 2.0
    },
    "talk": {
      "precision": 0.0,
      "recall": 0.0,
      "f1-score": 0.0,
      "support": 2.0
    },
    "use_item": {
      "precision": 0.0,
      "recall": 0.0,
      "f1-score": 0.0,
      "support": 2.0
    },
    "accuracy": 0.14285714285714285,
    "macro avg": {
      "precision": 0.02040816326530612,
      "recall": 0.14285714285714285,
      "f1-score": 0.03571428571428571,
      "support": 14.0
    },
    "weighted avg": {
      "precision": 0.02040816326530612,
      "recall": 0.14285714285714285,
      "f1-score": 0.03571428571428571,
      "support": 14.0
    }
  },
  "artifacts": {
    "model": "reports/artifacts/intent_model.joblib"
  }
}