{
  "best_model": "LinearSVC",
  "cv_mean_acc": 0.6484162895927602,
  "test_acc": 0.6615384615384615,
  "classification_report": {
    "evil": {
      "precision": 0.6086956521739131,
      "recall": 0.6363636363636364,
      "f1-score": 0.6222222222222222,
      "support": 22.0
    },
    "good": {
      "precision": 0.8333333333333334,
      "recall": 0.625,
      "f1-score": 0.7142857142857143,
      "support": 8.0
    },
    "neutral": {
      "precision": 0.6,
      "recall": 0.3333333333333333,
      "f1-score": 0.42857142857142855,
      "support": 9.0
    },
    "unaligned": {
      "precision": 0.6774193548387096,
      "recall": 0.8076923076923077,
      "f1-score": 0.7368421052631579,
      "support": 26.0
    },
    "accuracy": 0.6615384615384615,
    "macro avg": {
      "precision": 0.679862085086489,
      "recall": 0.6005973193473193,
      "f1-score": 0.6254803675856307,
      "support": 65.0
    },
    "weighted avg": {
      "precision": 0.6626288344661416,
      "recall": 0.6615384615384615,
      "f1-score": 0.652587879956301,
      "support": 65.0
    }
  },
  "confusion_matrix": [
    [
      14,
      1,
      0,
      7
    ],
    [
      3,
      5,
      0,
      0
    ],
    [
      3,
      0,
      3,
      3
    ],
    [
      3,
      0,
      2,
      21
    ]
  ],
  "labels": [
    "evil",
    "good",
    "neutral",
    "unaligned"
  ],
  "artifacts": {
    "model": "reports/artifacts/alignment_model.joblib",
    "confusion_png": "reports/figures/alignment_confusion_5classes.png"
  }
}